{
 "type": "block",
 "layer": 2,
 "block": 0,
 "features": [
  {
   "geom": {
    "polygons": [
     [
      [
       [
        25.86049942213553,
        16.375607700510784
       ],
       [
        26.135622738062203,
        16.375607700579963
       ],
       [
        26.26686417709817,
        16.3756077004449
       ],
       [
        26.285242249512862,
        16.375607700510784
       ],
       [
        26.54415999581561,
        16.375607700510784
       ],
       [
        26.77263485310908,
        16.375607700510784
       ],
       [
        27.303203625298288,
        16.375607700510784
       ],
       [
        27.303194340830217,
        16.37354196624662
       ],
       [
        27.303189698754316,
        16.367911099231566
       ],
       [
        27.30322683550651,
        16.199161495422583
       ],
       [
        27.31998481494371,
        16.1991661372613
       ],
       [
        27.599787367234907,
        16.199221842560902
       ],
       [
        27.600209798224395,
        14.051252734050706
       ],
       [
        27.600251577447832,
        13.837414417002956
       ],
       [
        27.60029335597285,
        13.624550940438413
       ],
       [
        27.600757566106715,
        11.263736923980256
       ],
       [
        27.30541326431416,
        11.263676576848528
       ],
       [
        27.305468969659884,
        10.992262298569425
       ],
       [
        27.0812369914215,
        10.992262298569425
       ],
       [
        27.060932447780818,
        10.992262298635318
       ],
       [
        26.373038278696725,
        10.992262298569425
       ],
       [
        26.345125334062402,
        10.992262298569425
       ],
       [
        26.28043767670356,
        10.992262298569425
       ],
       [
        26.26529050544636,
        10.992262298569425
       ],
       [
        24.896595295922353,
        10.992262298635318
       ],
       [
        24.681689296039778,
        10.992262298635318
       ],
       [
        24.679563214192555,
        10.992262298569425
       ],
       [
        23.831405199445843,
        10.992262298635318
       ],
       [
        23.831405199524912,
        11.248051269486709
       ],
       [
        23.53437117372168,
        11.248051269486709
       ],
       [
        23.534371173708514,
        12.104453653259789
       ],
       [
        23.534371173668976,
        12.552954746781928
       ],
       [
        23.534371173668976,
        15.5813166090943
       ],
       [
        23.534371173748035,
        16.142253996376546
       ],
       [
        24.106686346981164,
        16.142253996505023
       ],
       [
        24.10668634700752,
        16.375607700510784
       ],
       [
        24.39664117090823,
        16.375607700510784
       ],
       [
        24.498279941694502,
        16.3756077004449
       ],
       [
        24.874893480542138,
        16.3756077004449
       ],
       [
        25.496948751183368,
        16.375607700510784
       ],
       [
        25.86049942213553,
        16.375607700510784
       ]
      ]
     ]
    ],
    "centroids": [
     [
      25.57320717821243,
      13.680084669035775,
      0.0
     ]
    ],
    "h": 2.0006895026758538
   },
   "mtl": {
    "face": 0,
    "border": 1
   }
  },
  {
   "geom": {
    "polygons": [
     [
      [
       [
        27.690034425397915,
        22.91535581359092
       ],
       [
        27.690034425318842,
        22.659617905541552
       ],
       [
        27.91258596360614,
        22.659617905541552
       ],
       [
        27.912585963579783,
        21.878463956078395
       ],
       [
        27.91258596360614,
        17.63752069335285
       ],
       [
        27.741784551424665,
        17.63752069335285
       ],
       [
        27.741784551490557,
        17.636332315618784
       ],
       [
        27.618365049822813,
        17.63633231568467
       ],
       [
        27.618365049862348,
        17.41373435639126
       ],
       [
        26.009975028376566,
        17.41373435639126
       ],
       [
        25.769699953816637,
        17.413734356328668
       ],
       [
        25.75921345117379,
        17.413734356457148
       ],
       [
        25.251182072587287,
        17.41373435639126
       ],
       [
        25.190904410109848,
        17.41373435639126
       ],
       [
        24.98564005017957,
        17.41373435639126
       ],
       [
        24.984813756517386,
        17.413734356328668
       ],
       [
        24.39847480035253,
        17.41373435639126
       ],
       [
        24.398474800339354,
        17.50270947896301
       ],
       [
        24.122515906901764,
        17.5027094790289
       ],
       [
        24.122515906928122,
        17.783626135566205
       ],
       [
        23.98726833507727,
        17.783626135697986
       ],
       [
        23.88424157684822,
        17.78362613563209
       ],
       [
        23.884241576821864,
        22.062978130389496
       ],
       [
        23.884241576874576,
        22.492655509775417
       ],
       [
        23.884241576808684,
        22.66680851816518
       ],
       [
        24.19031841299336,
        22.66680851816518
       ],
       [
        24.19031841305924,
        22.91535581359092
       ],
       [
        24.937580393183765,
        22.91535581359092
       ],
       [
        25.043002475019883,
        22.915355813660106
       ],
       [
        25.099167237648167,
        22.91535581359092
       ],
       [
        25.465716705198215,
        22.91535581372599
       ],
       [
        25.51833490368891,
        22.91535581372599
       ],
       [
        26.48266610242721,
        22.91535581359092
       ],
       [
        26.633868570314,
        22.915355813660106
       ],
       [
        26.85053856850229,
        22.915355813660106
       ],
       [
        27.16541218293701,
        22.915355813660106
       ],
       [
        27.354289930925745,
        22.915355813660106
       ],
       [
        27.690034425397915,
        22.91535581359092
       ]
      ]
     ]
    ],
    "centroids": [
     [
      25.903807002478217,
      20.169894001358614,
      0.0
     ]
    ],
    "h": 2.0006895026758538
   },
   "mtl": {
    "face": 0,