{
 "type": "block",
 "layer": 2,
 "block": 0,
 "features": [
  {
   "geom": {
    "polygons": [
     [
      [
       [
        15.705204734624967,
        16.861266427761468
       ],
       [
        15.89578605688925,
        16.86126642780939
       ],
       [
        15.986698624234174,
        16.86126642771583
       ],
       [
        15.999429342202088,
        16.861266427761468
       ],
       [
        16.178784866040065,
        16.861266427761468
       ],
       [
        16.33705222429892,
        16.861266427761468
       ],
       [
        16.70458377216275,
        16.861266427761468
       ],
       [
        16.704577340696936,
        16.859835468098215
       ],
       [
        16.704574125073567,
        16.855934896903047
       ],
       [
        16.70459985016093,
        16.739039960110176
       ],
       [
        16.71620830969429,
        16.739043175569236
       ],
       [
        16.91003099683721,
        16.739081763318953
       ],
       [
        16.910323620006107,
        15.251157006727732
       ],
       [
        16.91035256099068,
        15.103028560847134
       ],
       [
        16.91038150149148,
        14.955575399021107
       ],
       [
        16.910703065590184,
        13.320210343314127
       ],
       [
        16.706114416426587,
        13.32016854010991
       ],
       [
        16.706153004208257,
        13.132156514078536
       ],
       [
        16.550824740725123,
        13.132156514078536
       ],
       [
        16.536759532322197,
        13.13215651412418
       ],
       [
        16.060246737031235,
        13.132156514078536
       ],
       [
        16.04091109519811,
        13.132156514078536
       ],
       [
        15.996101155218634,
        13.132156514078536
       ],
       [
        15.98560852242582,
        13.132156514078536
       ],
       [
        15.037496429747343,
        13.13215651412418
       ],
       [
        14.888628386767422,
        13.13215651412418
       ],
       [
        14.887155623587322,
        13.132156514078536
       ],
       [
        14.299626081080053,
        13.13215651412418
       ],
       [
        14.29962608113482,
        13.309344696526281
       ],
       [
        14.093866939259147,
        13.309344696526281
       ],
       [
        14.093866939250022,
        13.902585215382489
       ],
       [
        14.093866939222632,
        14.213267467639213
       ],
       [
        14.093866939222632,
        16.311051168996343
       ],
       [
        14.093866939277412,
        16.699619431979293
       ],
       [
        14.490316735250907,
        16.699619432068292
       ],
       [
        14.490316735269172,
        16.861266427761468
       ],
       [
        14.691172026467502,
        16.861266427761468
       ],
       [
        14.761578459541058,
        16.86126642771583
       ],
       [
        15.022463313936107,
        16.86126642771583
       ],
       [
        15.453368690316028,
        16.861266427761468
       ],
       [
        15.705204734624967,
        16.861266427761468
       ]
      ]
     ]
    ],
    "centroids": [
     [
      15.50619384549432,
      14.994044299378402,
      0.0
     ]
    ],
    "h": 0.9997315416429733
   },
   "mtl": {
    "face": 0,
    "border": 1
   }
  },
  {
   "geom": {
    "polygons": [
     [
      [
       [
        16.972546249742027,
        21.391430795940728
       ],
       [
        16.97254624968726,
        21.214277985372878
       ],
       [
        17.12671045164115,
        21.214277985372878
       ],
       [
        17.126710451622884,
        20.673162987251978
       ],
       [
        17.12671045164115,
        17.73540915880667
       ],
       [
        17.008394201822362,
        17.73540915880667
       ],
       [
        17.008394201868004,
        17.73458595485849
       ],
       [
        16.92289998723987,
        17.734585954904123
       ],
       [
        16.922899987267257,
        17.580389596545384
       ],
       [
        15.808748335020006,
        17.580389596545384
       ],
       [
        15.642306820375772,
        17.58038959650203
       ],
       [
        15.635042690351497,
        17.58038959659103
       ],
       [
        15.283123073663795,
        17.580389596545384
       ],
       [
        15.241367991658993,
        17.580389596545384
       ],
       [
        15.099178831872662,
        17.580389596545384
       ],
       [
        15.098606448037478,
        17.58038959650203
       ],
       [
        14.692442204252554,
        17.580389596545384
       ],
       [
        14.692442204243427,
        17.642023763941335
       ],
       [
        14.50128206710717,
        17.642023763986977
       ],
       [
        14.50128206712542,
        17.83661820491476
       ],
       [
        14.407594402052215,
        17.83661820500604
       ],
       [
        14.336226492917504,
        17.836618204960402
       ],
       [
        14.33622649289924,
        20.80097823692747
       ],
       [
        14.336226492935754,
        21.09862106968636
       ],
       [
        14.336226492890114,
        21.219259011634083
       ],
       [
        14.548249701312377,
        21.219259011634083
       ],
       [
        14.548249701358017,
        21.391430795940728
       ],
       [
        15.065887313314963,
        21.391430795940728
       ],
       [
        15.13891449272543,
        21.391430795988654
       ],
       [
        15.17782051815736,
        21.391430795940728
       ],
       [
        15.431733865943475,
        21.391430796034292
       ],
       [
        15.468183142551473,
        21.391430796034292
       ],
       [
        16.136187285847093,
        21.391430795940728
       ],
       [
        16.24092710465318,
        21.391430795988654
       ],
       [
        16.391017091067607,
        21.391430795988654
       ],
       [
        16.609133936537347,
        21.391430795988654
       ],
       [
        16.739971887645744,
        21.391430795988654
       ],
       [
        16.972546249742027,
        21.391430795940728
       ]
      ]
     ]
    ],
    "centroids": [
     [
      15.735204430935601,
      19.489615456738957,
      0.0
     ]
    ],
    "h": 0.9997315416429733
   },
   "mtl": {
    "face": 0,